episode,1000_step_score,1000_step_loss,1000_step_length,500_step_score,500_step_loss,500_step_length,250_step_score,250_step_loss,250_step_length
0,-46.2289277,1078.02289,156,-185.3034323,185.625082,124,-168.7014535,136.1116366,117
1,-289.9533125,8936.126153,97,-151.5163988,5224.066425,99,-108.2292333,5699.614705,89
2,-146.177577,11163.03827,114,-183.8829377,10447.04797,111,-361.1180437,10154.91055,87
3,-212.3716361,9625.316577,132,-309.0417547,8129.015968,73,-551.4120105,11117.57886,96
4,-390.0344107,4853.692104,97,-4.969670227,6622.44568,87,-89.00715428,7425.086336,73
5,-497.5636734,8395.501339,83,-123.3137512,9996.519309,95,-376.4929343,8114.083296,76
6,-149.5742791,4675.550021,75,-7.832798833,12631.97182,125,-115.4164382,13599.10334,103
7,-120.3616824,5720.253137,127,-683.6068989,14559.24173,169,-121.6719223,10962.39221,134
8,-436.3775673,7248.539701,92,-76.97342451,13915.1895,137,-202.2623373,9809.367044,111
9,-454.2374684,9033.506521,115,-63.86965387,8803.567041,107,-170.9799899,17538.52152,250
10,-345.7669973,9022.79627,99,-162.6225506,19344.87458,252,-62.13820747,9967.992026,151
11,-418.5973446,9195.120358,140,-189.6436852,9518.836717,184,-84.69723531,3097.669079,90
12,-353.0639047,6766.460384,89,-272.1444171,7706.68231,146,-129.3686767,6331.449807,105
13,-250.1974357,6205.561464,77,-74.94706884,11145.17301,189,-58.58581416,7347.886409,120
14,-282.6063155,8562.939407,141,-81.49332892,5479.807783,103,-293.0988587,6717.366186,116
15,-365.78231,11713.39679,161,-24.74820544,9325.516231,133,-138.2939992,6406.2345,101
16,-358.4158022,11994.79504,151,-99.93142714,8609.390448,95,-328.8665307,9512.623455,133
17,-102.4925356,12846.52893,191,-229.4406222,8338.632045,114,-228.8165355,4071.379021,97
18,-195.7883701,6443.991035,97,-110.6866521,16944.32739,367,-234.5206287,4367.905913,91
19,-218.744334,12349.20215,242,-132.93304,13720.00738,271,-489.1763481,12020.41825,209
20,-210.9484722,7484.78872,116,-299.2545494,20317.32774,427,-88.84690931,11023.69613,219
21,-117.0496478,6480.859372,103,-77.15517347,16807.12932,394,-196.5099474,5485.167778,93
22,-347.3644471,11330.5849,178,-188.4664945,7364.357608,150,58.16038083,6662.93563,144
23,-218.9073378,8955.043247,154,-279.9674368,4306.384438,105,-14.16653626,17328.62545,250
24,-163.1826281,11426.91527,237,-210.7128787,16390.35248,406,-431.1213575,11773.80456,244
25,-405.6759663,10034.08116,175,-126.6094925,14665.77872,358,-417.5478892,6547.154988,79
26,-279.5137077,9350.268381,147,-479.9140082,7173.015465,222,-462.1410804,5012.009868,88
27,-88.29461001,39961.47148,781,-568.0160124,8227.656733,203,-248.8316645,7222.304017,119
28,-72.18560758,14268.48505,317,-150.4246118,6325.810637,166,-116.1474028,8481.337763,163
29,-296.3609769,8395.691267,205,-326.1807667,4800.615301,114,-129.7750529,5529.728312,117
30,-375.4371571,27876.53919,890,-462.1876017,5078.054857,148,-95.77078739,14854.44094,250
31,-100.5076996,5510.266829,121,-415.2417414,5745.063505,133,-197.2275458,12004.36998,250
32,-126.8263161,14233.71318,445,-339.3174262,5259.873146,101,-243.0316779,9540.871696,211
33,-80.40298509,19694.82911,523,-353.0642606,4585.682402,117,-96.51096346,6033.981199,133
34,-224.8488141,20322.13463,519,-53.73289384,5944.69277,157,-411.8542516,7494.025301,169
35,-314.7398394,15162.61635,517,-583.2073682,4666.073475,144,-92.1347114,10225.21342,250
36,-477.3912277,11782.65304,388,-563.968796,5848.073755,160,-252.289443,6278.141316,177
37,-72.6591072,4426.007079,185,-757.6587539,6322.921643,138,-99.36083904,7685.235214,178
38,-290.7430352,12189.41532,416,-269.6322167,8015.297346,177,-135.3340268,3363.21701,122
39,-205.1366599,13443.851,487,-238.8632958,5185.099633,186,-300.8743085,5431.963442,179
40,-92.91961271,7436.162129,224,-130.2928131,6362.17005,131,-59.76427444,11612.98953,250
41,-172.6346044,7112.245194,360,-165.5748698,9635.101505,225,-64.73056938,11122.57635,250
42,-272.7531804,10707.80819,390,-206.1052582,6671.153767,229,-50.58330829,12913.6719,250
43,-189.6557525,23971.16347,1000,-599.4092626,13631.41447,330,-50.49061104,11051.76691,250
44,-279.0913266,10396.01817,423,-531.2880549,4576.44885,152,-41.30257394,9700.075013,250
45,-447.4975842,8942.067734,390,0.307405203,6993.059868,184,-291.1652364,6196.550064,233
46,-277.0631046,8756.251476,386,-195.8574374,9740.316176,247,-709.6840362,6082.01201,173
47,-69.21211783,4868.074965,288,-416.5003601,11652.45976,250,-126.9634292,5011.97164,157
48,-258.8087964,6825.992653,301,-373.4005788,6816.193361,193,-96.65888144,6220.84164,163
49,-132.3810772,6108.074222,262,-325.5489921,4935.125034,120,-66.51549847,3799.26157,192
50,-369.9848988,10321.53408,322,-229.4208621,8267.350789,211,-286.3985233,8322.133515,250
51,14.54329778,4870.636097,253,-120.2595074,9341.257654,276,-44.49506811,9159.441756,250
52,-299.1735715,6125.488277,349,-528.2748096,4165.388076,122,-194.9599338,7401.244853,236
53,-4.456000488,5220.50069,238,-121.0500316,3983.216036,120,-130.7810862,3975.910586,137
54,-45.99461654,6991.502956,319,-73.72858834,5165.150766,167,-169.6571348,2096.36867,115
55,-116.3419498,7875.115839,337,-262.7839364,7242.877348,251,-352.003224,4215.782087,206
56,-65.38109642,4550.237669,190,-14.40691768,11711.1853,301,-413.272474,2497.735526,106
57,-36.60559917,6334.001925,378,-300.1057059,4642.855597,190,7.639181321,8529.905921,250
58,-315.1663779,2889.864016,194,-276.373873,5321.706725,136,-26.15668183,5002.511772,250
59,-261.3289596,4956.577184,283,-466.2564648,5763.144439,153,-53.59663462,8676.568924,250
60,-199.3030134,5017.40771,308,-500.6141354,6066.72396,176,-27.14721065,7996.256099,246
61,-82.98434805,4638.258052,238,-422.1194949,7561.643237,239,7.674202876,4837.026134,250
62,-167.3788681,3408.819896,222,-284.6493611,5706.675935,166,-70.61322547,7415.758361,250
63,-84.09382017,7241.508176,295,6.605114712,6579.69388,210,21.89756893,6704.569808,250
64,178.529956,8310.266043,450,-261.5522907,12803.86491,382,-282.0537154,4569.186613,250
65,-181.4262572,4252.032019,294,-452.3802306,9764.014993,316,51.14453135,5794.29734,250
66,-250.7397528,2384.040773,156,-321.3366184,4867.962759,162,-141.1723055,7390.665783,250
67,-229.0732991,3635.002058,234,-407.9284048,9011.215926,307,-72.63666228,6623.638479,250
68,-242.2239698,2360.191389,233,-338.2670612,5460.445331,243,18.48750076,5763.768552,250
69,-213.3823478,3723.941158,156,-255.6794153,7017.502291,246,8.294143825,4315.283285,250
70,-208.1582027,3432.175467,179,-468.6241482,9393.941545,380,-98.91545694,4107.613129,250
71,-122.3760923,4336.656563,212,-321.957503,5687.237244,247,-112.0399574,2453.059359,184
72,150.4223547,10488.31815,610,-341.1426281,4616.872841,154,35.07455044,4536.66339,250
73,-550.1894015,4215.5418,107,-56.8115026,7002.488145,318,-39.31846862,4057.533298,214
74,-437.2543505,2465.567389,137,-158.5064063,10299.60165,399,-134.749494,7285.337888,250
75,-170.7255698,1999.288981,168,-48.77131237,10046.77685,403,-357.0496688,3701.679094,230
76,-571.4791712,4971.838782,94,-145.79822,5688.776634,241,-59.08368262,4876.318335,237
77,-16.78400335,3634.649562,215,-324.1478594,5311.211801,260,-344.0116613,3222.806151,150
78,-29.30380143,4495.061042,326,-92.52002642,3833.191375,159,-284.5342188,4197.236544,248
79,-218.4981477,1397.765206,115,-261.5054439,6861.499835,327,-195.0602329,4926.586759,241
80,-98.34732346,7418.651393,311,-245.7873749,6432.108184,288,2.633383378,4480.477593,250
81,208.0714875,8354.644627,669,100.0467896,11984.41267,500,-260.6040387,3627.213327,144
82,-12.68094291,3824.929476,180,-72.22138652,7287.35903,318,-932.686767,1163.163384,100
83,-197.1194812,4390.056714,314,-251.0213008,7159.532538,290,22.25471436,3765.790131,250
84,-32.41893803,4724.433343,253,77.63908708,11752.52046,500,9.400745475,3810.699355,250
85,-154.8512624,3054.846886,163,-32.20016883,11123.47626,500,-351.683303,2590.10073,178
86,263.0428826,7364.402545,397,-192.7076856,6535.939816,375,8.635051102,5214.500316,250
87,-56.22748138,19100.58162,1000,-110.196216,7533.452091,353,-63.11469348,3542.986613,250
88,-69.44165697,18075.50161,1000,-246.5019548,3056.882265,156,-47.02385733,4529.165125,250
89,-420.0273661,3391.902751,166,-8.317948781,6416.61968,344,-25.25361309,3450.212063,250
90,-764.0607945,2221.385402,154,6.517640203,4871.950192,302,43.78669119,5103.532036,250
91,-437.0841254,6446.687363,315,-69.38523541,7249.532549,396,77.93895019,4599.992353,250
92,-271.3614036,2319.874727,102,-287.6270375,5914.305979,269,65.49606593,2725.349037,250
93,-251.0315338,13255.50259,751,-159.3241441,3181.364913,194,-161.5392373,3326.606854,250
94,-41.20745487,28807.3597,1000,-70.26305691,8837.297832,500,-45.34548143,3250.999657,250
95,-162.8522608,5805.673116,266,-73.96181874,8226.787115,500,-262.3119967,3083.441318,228
96,-179.9917713,10919.37099,434,-25.094918,7280.676673,500,-78.32731077,4366.843191,187
97,64.33121446,23429.29872,1000,-192.0627061,5713.487546,396,44.68694183,3886.697719,250
98,-78.40159754,8196.033415,325,-237.1923551,4449.31199,363,-314.0237869,2981.401305,246
99,140.1047715,6849.320606,472,-13.14273252,4036.147727,301,-247.3939807,3360.550806,241
100,-185.0432556,6412.010039,312,-72.86832863,7205.125034,500,-25.27167781,3374.600689,250
101,-81.42058802,5220.262294,263,-105.3469682,4615.766031,266,-200.4672065,3065.957247,234
102,-237.3324032,21545.35398,950,-100.6664709,3409.644681,328,-36.29740045,2607.407264,250
103,-362.3239012,13162.01278,566,-118.7782619,3133.745508,351,-52.1284636,1787.877121,250
104,209.7870511,9612.788445,410,-299.6718732,6734.900796,443,45.72375996,2001.644763,250
105,-220.8407614,2210.637553,152,-80.36519016,6321.889285,407,16.83785961,2807.107996,250
106,180.7646569,8667.835383,438,-71.8707879,6127.647845,448,-1.264147918,2513.794628,250
107,-192.8744616,6666.119855,293,-32.70397956,6735.566321,500,-347.1716783,4540.003146,194
108,-307.3884969,6487.922462,441,-82.57098407,5018.418146,500,-63.69946893,2748.01087,250
109,6.948633045,5767.456406,243,-235.3889734,4295.585349,356,19.5169732,4699.478072,250
110,-258.5260247,12907.10791,696,-42.9181478,6381.210938,500,7.229595291,2555.646069,250
111,-74.43912928,2899.093542,242,-94.82045036,5779.078864,500,-54.17139062,2524.838315,250
112,-93.60099484,16487.17426,1000,-363.0250823,4011.454558,273,6.497440225,2331.161886,250
113,-106.1116609,4351.413369,314,-111.3344759,4783.754752,500,44.79468896,3280.169495,250
114,18.34358982,16139.36162,1000,-25.43731694,7141.394145,500,46.47273661,2633.97144,250
115,-203.3007919,3464.838377,246,-57.56274574,6122.2667,500,-11.7316212,2989.810883,250
116,-177.2079624,2985.871597,267,-484.1050713,4352.507508,399,43.40792264,3545.385163,250
117,-128.1050657,2452.670471,182,-177.1279882,2759.721185,238,28.55776712,2969.262594,250
118,-443.3406596,5253.244828,223,-272.7408559,4300.160572,229,25.50812908,2695.597185,250
119,-214.9825415,1658.499408,150,-62.47801575,7294.332343,500,-49.27683993,2356.812699,250
120,39.83790816,15781.90638,1000,-31.95921572,4272.576746,500,51.59189014,5279.168907,250
121,-485.0085065,4006.118466,180,-28.39306201,5649.414001,500,-21.27491446,3010.998934,219
122,228.9757336,6063.595602,355,-45.07882318,5970.024365,500,-45.19425101,2983.397915,250
123,-80.52235141,6797.452405,295,-54.83879741,4700.163877,469,-37.24350934,4971.167298,250
124,45.0133711,14443.28101,1000,17.29490068,4713.445431,500,-85.29413057,5653.707407,233
125,5.768798792,6630.938961,249,-82.63523512,6193.491529,500,-880.9578326,1706.316426,102
126,-207.753216,5945.683983,346,-22.47312301,3550.359613,500,51.3769528,1811.650707,250
127,55.71178865,20276.30624,1000,-15.80075604,5565.005201,500,-257.9416163,2311.923334,142
128,-134.8993194,20905.56373,1000,-16.9308232,6998.609042,500,-2.588884541,5745.080784,250
129,-317.5685272,4889.499792,168,-28.34042109,5079.889027,500,35.81278006,4185.416435,250
130,-221.5793055,8602.715894,293,-57.3671922,4823.011806,500,6.114038227,2991.932408,233
131,-24.43230527,1544.980449,128,-33.19100986,3800.484135,500,-12.59846479,2059.034935,250
132,0.780922281,18238.5723,1000,-0.908917126,4853.029837,500,39.04940819,3550.810134,250
133,107.4136624,25584.68784,1000,-32.61001391,5063.367026,500,39.85272703,2714.621747,250
134,-180.4605645,5032.904858,319,-20.59189273,4928.064865,500,73.02299079,2199.115415,250
135,121.3954336,12314.44644,937,-47.50699463,3213.932863,500,-9.301684098,1981.087222,250
136,-59.25190435,6075.621376,410,-55.60450748,4264.55441,500,-9.405405035,1194.257564,180
137,-80.10936346,8835.230058,410,5.518856438,6118.65749,500,-309.5276281,4161.342923,240
138,-9.038830785,7066.684248,253,7.918470051,5033.337571,500,45.21166558,5331.038316,250
139,41.3728192,17994.01596,1000,-15.85560634,5675.763692,500,-4.619412475,2340.902983,250
140,-207.361228,4642.232405,292,-35.84647167,5031.105298,500,55.95713733,1372.998578,250
141,-72.65728937,7310.63947,419,-12.86713714,3943.307882,500,97.80276468,2081.058828,250
142,75.75503195,19014.67474,1000,-60.98340765,4157.39763,500,45.5010192,3128.965455,250
143,-66.30369429,13348.12829,1000,-28.47985826,4820.886975,500,2.411297265,1181.359391,250
144,100.8734995,15104.19628,1000,-31.17801118,6842.279206,500,82.36879219,2433.71184,250
145,-59.99708849,15668.62086,1000,-38.13765655,3841.275296,500,21.8975974,4844.300136,250
146,197.4416028,12650.65932,652,-30.98387551,6998.683249,500,-189.5554432,1236.230334,98
147,-116.2448549,24696.99764,1000,-40.67025993,4177.403995,500,17.2439189,1190.641505,179
148,-57.50768465,12136.20449,1000,-66.76354115,4265.17957,500,78.96089674,1284.328151,250
149,-15.35798934,3790.091044,307,2.952125765,2658.111902,500,-69.06825791,2854.018577,250
150,-168.669469,16431.48301,1000,-62.7525815,3345.346599,500,30.50344526,2515.285864,250
151,-12.66252198,17100.49889,1000,-40.96409617,3715.093487,500,59.43168955,1983.685156,250
152,66.64875769,11356.81616,1000,-32.71239084,4192.912955,500,-28.98302105,1378.961574,250
153,-119.0627992,16763.52632,1000,-44.16421212,4466.549946,500,-26.53531244,2130.659359,250
154,-189.3343085,21501.27326,943,-9.86208213,3205.54929,500,-41.26789591,3817.719412,221
155,-143.7733078,25678.02929,1000,-76.53632895,3309.100345,500,-48.78987851,2846.064847,239
156,-507.0658073,1342.422429,101,-24.50980523,3377.273073,500,95.3090475,2400.691685,250
157,-107.8668265,13147.26168,1000,-61.11139069,3786.108126,500,-60.71024966,3100.625402,250
158,-99.0334599,17873.29816,1000,-86.89586841,4245.532101,500,-12.48232708,2796.238638,250
159,-116.9622772,16840.09637,1000,-44.02349293,3624.118153,500,92.99483679,1754.182065,250
160,-49.19145646,2007.031944,182,-22.08350143,4369.433749,500,-84.40835653,1141.449237,199
161,-3.837057437,8686.788918,355,-58.83679291,4288.986609,500,33.14048602,2019.936576,250
162,-146.7592683,16101.55375,1000,-25.90904966,3559.764597,500,-670.8965266,6407.598182,162
163,-34.02266401,18153.83329,1000,-29.21757812,4042.872381,500,-197.564308,2039.190413,174
164,-43.52649916,17430.83708,1000,5.528051634,2991.409344,500,28.16405144,1958.438456,250
165,-57.62750657,18874.87903,1000,-69.27996092,3879.009651,500,16.032032,4124.625728,250
166,-90.44091806,18641.26411,1000,-57.01051135,3029.093875,500,9.692529361,3541.099378,250
167,-104.9855906,15350.41099,1000,-41.52073193,3790.446253,500,4.868397557,4937.163097,250
168,-122.8557776,11734.16322,1000,-26.92949714,4359.847398,500,-60.58452689,2087.490548,250
169,-96.64761814,14355.08478,1000,-12.20981719,4704.137999,500,32.41670566,2138.794727,250
170,-122.7834547,16805.18684,1000,-33.592776,4702.59153,500,-244.9729536,2894.651988,240
171,-98.68130749,13813.53887,1000,-4.058662286,4001.222072,500,25.14839953,2507.340545,250
172,-86.62778694,15044.95707,1000,-33.0582361,5255.891465,500,-27.57835259,2346.205722,250
173,-88.02057781,12764.33868,1000,-39.38974441,3347.975301,500,30.82015499,2008.222661,250
174,-119.5227304,17320.42143,1000,-42.00107226,3409.98464,500,18.36609938,2132.646039,250
175,-93.37701418,13001.47521,1000,-59.53980788,4331.219617,500,40.06722944,1696.472125,250
176,-126.7385941,10528.30025,1000,-21.17642641,3612.370569,500,-23.48036409,1754.500731,239
177,-83.53279472,11123.26099,1000,-56.29613571,6017.842595,500,74.76212779,1790.425082,250
178,-115.1926868,15904.82782,1000,-45.45839931,4447.838552,500,-12.64554748,1475.197079,250
179,-94.01541135,13910.80624,1000,-42.21007126,3619.561027,500,-27.11496648,2622.732129,250
180,-81.38718158,15540.22012,1000,9.90152991,5908.863465,500,-84.53939661,1953.143636,250
181,-79.92878682,14422.02855,1000,-36.05354078,4752.6788,500,-2.467872203,2109.544513,239
182,-103.2162712,14238.87867,1000,29.82527386,4685.678836,500,63.09651192,1360.919316,250
183,-102.8349987,13822.77141,1000,-36.8494977,4259.701781,500,-21.02412622,2989.933677,250
184,-22.97002424,15777.50156,1000,-60.4828794,5079.404732,500,-16.15295279,2428.539667,250
185,-47.51214009,16122.00725,1000,-19.43577991,3168.398931,500,-148.5929361,1083.709908,225
186,-76.66449404,12346.9308,1000,-8.115536632,3829.786957,500,-11.6069248,1920.442663,250
187,-92.21629731,17424.29987,1000,-80.33273903,300.8091755,62,13.54436869,1923.216402,250
188,-82.80655062,11075.92583,1000,-32.84165381,3278.185269,500,-60.54728673,2533.814742,250
189,-66.00507853,14072.11918,1000,-41.31913587,3640.75293,500,1.13948367,2085.057515,250
190,-93.95569492,10087.43541,1000,-10.64578465,3494.461968,500,-9.094607621,1782.405314,250
191,-113.73263,11907.88602,1000,-50.99240773,2921.598925,500,-26.30830324,2298.050457,250
192,7.168731855,18560.25226,1000,-32.04829644,4910.178959,500,-2.086447104,1445.148284,250
193,-90.63012215,15071.06412,1000,4.107201487,3851.970043,500,-22.88380248,1748.678375,250
194,-120.2192656,15534.95926,1000,-23.47653934,4216.509408,500,37.7085492,1424.534309,250
195,-119.6320972,10450.48934,1000,-49.65734285,3907.211236,500,16.26210311,2527.989065,250
196,-55.02836899,11930.10002,1000,-30.46886106,4708.334781,500,37.11101936,1800.085004,250
197,-97.0123135,10261.08344,1000,-46.56841331,3023.570235,500,-28.40058954,2761.529678,250
198,-136.0004829,400.3088431,52,-35.63006486,2155.255191,500,-264.691417,694.6907253,183
199,-61.83226405,11172.11121,1000,-58.53401799,3405.322487,500,-21.63242026,1727.239518,250
200,-55.88130139,11055.10961,1000,-74.69534237,4546.974179,500,-42.72617993,1486.163039,250
201,-66.90315324,9170.560432,1000,-9.418819187,3373.397798,500,-35.90654565,1287.257406,250
202,-130.8023012,12184.80464,1000,-27.79956085,5126.283393,500,25.71685276,1999.942673,250
203,-115.7793037,10864.88415,1000,-57.64708857,4128.628413,500,-41.86982173,2885.165344,247
204,-126.9309956,10814.71034,1000,-48.60583043,2970.959825,500,-36.9261176,2001.365054,250
205,-126.1740188,10363.82036,1000,-124.1763521,3535.527886,363,10.21988692,2247.369008,250
206,-135.6338957,13636.8586,1000,-45.90564354,4757.052226,500,-20.07880317,2177.183331,250
207,-67.52738934,12244.31106,1000,-33.30396111,4710.744442,500,71.19407976,1430.95088,250
208,-134.9717415,7444.373259,1000,-52.53130721,2545.32842,500,-66.00378492,1322.547965,250
209,-92.28373587,9212.592621,1000,-157.2751878,3387.001889,443,-4.350281269,1141.064436,250
210,-94.7079784,8669.599985,1000,-65.74024566,2868.621891,500,-369.9692844,4824.108552,250
211,-74.57852401,11472.98157,1000,-49.33081338,4453.589384,500,-38.10631814,1998.977714,250
212,-50.24478672,9937.488018,1000,-55.36778151,3748.768941,500,94.33093165,5585.389466,250
213,-54.4114556,11509.28053,1000,28.11906946,3854.790796,500,47.41417797,2889.507587,250
214,-41.24289031,7227.241649,1000,34.94317128,3911.556866,500,-15.96302819,1232.455413,225
215,-106.4285148,8315.084871,1000,-39.70902324,358.5276442,60,-24.87964264,1372.416218,250
216,-146.0033512,8814.795219,1000,-61.24797272,966.8069224,85,-50.11268472,1450.948792,250
217,-42.05796742,7229.538784,1000,-41.24839882,825.0211587,92,-8.766472644,2698.955517,250
218,-66.40904845,8431.435444,1000,-44.15865031,4861.812107,500,25.01024868,1869.531699,250
219,-86.90053891,7800.769964,1000,45.48869291,7035.221212,500,-11.9353506,1291.226939,250
220,-131.59739,7077.385731,1000,-47.99998668,4685.260701,500,-35.92517803,1596.580679,250
221,-113.2636636,6185.765084,1000,-58.95910506,3667.053064,500,-26.77947586,1895.453799,250
222,-57.83615672,4958.08199,1000,-55.10452698,3437.299729,500,-14.6128003,1400.83238,250
223,-131.1121343,4471.30275,1000,-45.64181248,4810.69133,500,12.78896958,3016.03763,250
224,-78.55665158,3877.130215,1000,-62.52445799,4363.510114,500,-11.49162136,1601.929198,250
225,-44.07097543,3556.067386,1000,-39.21910033,5595.275723,500,-41.53958178,1312.087989,250
226,-27.26381146,5172.552673,1000,-58.46246041,4073.695128,500,6.846216391,1869.852299,250
227,-83.36564673,4722.278524,1000,-28.89112783,3280.419313,500,-5.260756709,2886.651713,250
228,-27.99480623,4922.303546,1000,-46.5229223,2530.164493,500,-0.879276413,1782.94858,250
229,-148.2820624,3409.035979,1000,-41.53060058,4077.575257,500,-27.21079734,1305.098567,250
230,-93.39899424,2278.907207,418,-58.28641322,3290.537253,500,-12.94450471,5416.580005,250
231,-84.90295803,300.8392978,87,-145.185897,4713.112118,415,43.3258289,1228.340155,250
232,-56.32980811,3577.204711,1000,-33.77161228,2117.108186,500,-43.15132487,4525.518284,250
233,-127.2969764,3425.031917,1000,-73.71912503,3913.443998,500,24.03393446,2250.361031,250
234,-87.18096976,3593.058652,1000,-23.85177026,5480.945095,500,-76.69790212,2387.653264,250
235,-138.4559,5527.203581,1000,-62.52684927,4030.250677,500,37.38459811,1204.802488,250
236,-31.45414419,4439.75512,1000,-73.1722158,4607.69516,500,-11.0787665,4205.220924,250
237,-66.72028582,2327.944462,1000,-57.89204382,3414.193354,500,49.84486202,3171.051269,250
238,-10.09787287,2953.073557,1000,-91.81400062,536.7437174,153,-40.48501044,2273.121912,250
239,-130.4376551,2544.648486,1000,-34.8093556,8171.525238,500,4.093989381,4075.624045,250
240,-157.9425131,3845.533455,1000,87.37337347,5245.242396,500,53.85326552,1763.342511,250
241,-62.84622916,1890.635053,1000,-40.07924465,3742.528214,500,-31.68862136,2429.163844,250
242,-74.2848561,1846.487511,1000,-9.742234551,4024.301409,500,1.970477453,3917.495905,250
243,-19.33661871,3377.676503,1000,-38.10743904,3633.520138,500,64.63748093,1586.911342,250
244,-131.8171204,1747.020278,1000,-26.82768816,4243.588662,500,36.92588768,1374.454655,250
245,-6.746102323,1649.585546,1000,-67.37099427,4019.8553,500,37.82510192,1235.980059,250
246,-59.05204759,2147.647389,1000,-72.86220206,5142.062294,500,-15.4477975,1478.752032,250
247,-15.30204076,3657.00033,1000,-60.46959041,2921.45089,500,34.82767927,1973.840909,250
248,-104.9674683,5230.163812,1000,-41.26856269,5893.654702,500,-8.751356719,1971.792723,250
249,-139.8412935,380.068269,133,11.58328704,4702.165907,500,-19.13918595,1096.414804,250
250,-93.87119462,1185.071176,1000,-12.8878306,5529.516196,500,22.6849603,2132.646801,250
251,-129.1030633,183.0952081,156,-73.56117931,3942.975938,500,36.4452716,1927.025241,250
252,-110.3683228,1137.323124,1000,-173.6096306,4240.400061,110,-45.90724091,5292.502846,250
253,-179.8906406,1801.096632,958,27.48833737,3986.227134,500,-6.36549412,1796.13874,250
254,-86.5296142,264.4501349,165,-22.75859622,4819.58171,500,20.85618351,1673.136244,250
255,-85.93705991,1162.041187,1000,-65.69490731,2994.762236,500,11.96108617,1683.457519,250
256,-68.8988707,1094.252421,1000,15.06123144,3148.319812,500,3.628076849,2174.664265,250
257,-27.76157006,3538.811552,1000,-42.28381696,3890.680353,500,-7.030112985,1149.545017,250
258,-84.35974279,2856.819472,1000,13.86403553,3926.563392,500,15.19798607,1374.179545,250
259,-102.5360822,299.2086508,171,-8.295527061,2892.666761,500,-5.346228511,1024.515116,250
260,-107.9776537,2111.62936,1000,-1.166362372,3229.044308,500,-5.0452902,1395.797425,250
261,-97.09852261,2031.886431,1000,-55.02666085,2733.254351,500,17.95200802,1483.791528,250
262,-140.8474276,193.136305,177,-12.44407613,4626.012002,500,-26.5376699,1350.090188,250
263,-97.61929429,3561.227024,1000,-55.68023341,2912.880179,500,-4.524063903,1988.252131,250
264,-133.0356429,1719.178488,1000,-72.56073487,5168.199001,500,4.635342597,2189.91831,250
265,-78.26543106,999.2164145,1000,-54.97405279,4068.188192,500,15.13312228,1184.786816,250
266,55.00184788,2342.888799,1000,-142.7590511,1332.32863,374,-50.28173669,5041.792925,250
267,-133.3784816,1694.914221,1000,-6.537061024,3452.795992,500,-32.30395374,1430.464219,250
268,-98.79235164,1121.939389,1000,-111.9694398,1969.728766,135,29.86421725,4549.854768,250
269,-144.3465548,993.2506499,1000,-81.30612624,5557.543941,500,-4.985735605,1922.555415,250
270,-91.028738,1573.697488,1000,-71.41609952,3158.874618,500,-19.36958885,1252.285954,250
271,-109.758222,921.416062,1000,-129.5362688,1368.710369,141,-29.27235647,1707.682677,250
272,-88.2645872,167.9120235,201,-70.60316151,2370.920491,500,-3.842530917,1095.488361,250
273,-125.4545172,1063.82394,1000,-12.41107218,2981.692055,500,-11.06629296,1179.06828,250
274,-115.6305421,910.0225674,1000,-3.788863161,2957.956359,500,73.43935928,1524.786443,250
275,-137.6018347,1687.736656,1000,-36.89475393,3798.596219,500,28.91412642,1266.677099,250
276,-201.0377678,970.7806044,566,-16.86072811,3113.90806,500,27.04025417,4796.164182,250
277,-211.2967233,1059.650233,404,-58.36744573,3409.951907,500,47.70143505,1032.707307,250
278,-133.3475625,704.1269938,116,-42.36275978,2329.962147,500,-41.08549161,2394.507771,250
279,-78.09707622,1031.855659,1000,-66.57006014,3950.785952,500,-21.47399539,1430.160765,250
280,-124.6683986,1414.353945,1000,-50.16611658,2140.29156,500,35.27803789,1045.847007,250
281,-62.50808844,2785.381403,1000,-61.44070285,1560.960181,500,26.03181496,1439.274364,250
282,-105.7760547,189.2148341,218,-0.750195939,2820.366823,500,22.38850562,2051.021213,250
283,-90.74871714,123.3472134,153,-62.47655962,1829.621998,500,-37.65076421,1665.736537,250
284,-115.3197775,1504.650946,1000,-66.45759706,3706.219624,500,19.80274905,1559.155905,250
285,-49.25384947,1820.05784,497,-43.49709585,2157.730469,500,2.911283105,3642.206034,250
286,-85.78478141,3241.47413,1000,-69.32357686,2934.568439,500,24.84068275,1689.225388,250
287,-109.918537,1556.070709,1000,20.53722618,3271.119128,500,-23.10289442,1216.043521,250
288,-122.0390119,177.9930756,195,-171.3287791,709.5901091,108,-0.214451889,1473.432302,250
289,-106.4322139,1065.837569,372,-157.111445,256.8476802,121,-6.965742791,1205.610398,250
290,-21.48382168,2574.752467,1000,-12.64724602,2076.689761,500,13.65882415,1627.573452,250
291,-87.37429268,1576.812217,1000,-151.042747,2767.097366,491,-11.52461097,1904.411471,250
292,-115.0940434,1447.688159,1000,-39.72622749,2010.781201,500,68.24103949,960.6089749,250
293,-20.15972949,2407.376335,1000,-35.66624779,1346.240322,500,-9.166475539,2146.882462,250
294,-14.73454325,1461.194987,1000,-38.08716154,1490.524266,500,28.01595703,2858.0213,250
295,-186.5872206,340.7147406,455,-23.37652212,1304.676816,500,15.31358675,1216.157816,250
296,-75.69913387,1413.821953,1000,-19.90276312,1592.218666,500,-25.71246854,459.6009736,88
297,-58.52142385,1346.331131,1000,-46.3197724,1183.84929,500,-19.78114277,1111.386216,250
298,-118.7672369,3899.058137,1000,-25.78227796,1423.310823,500,-32.16202262,1982.163173,250
299,-61.66632028,3208.048784,1000,-45.38136215,1904.421437,500,-2.092070456,1336.254445,250
300,-122.8831061,997.9041663,1000,-1.462370935,1210.009376,500,52.83875909,1575.260074,250
301,-15.81954579,857.8845967,1000,-46.92029193,1926.112055,500,-89.26887791,4747.281006,183
302,-32.72368872,1300.371923,1000,-33.90741775,2009.313622,500,59.99806612,4238.042425,250
303,6.415987853,1650.256693,1000,-9.859527235,4016.822265,500,1.682463882,980.2539165,250
304,-60.97292233,3368.412547,1000,-5.597713522,2118.33454,500,3.333754333,651.6716986,250
305,-55.17725563,1671.509659,1000,-52.4716684,1503.296865,500,-17.74587594,3338.748208,250
306,-88.70636273,1474.618945,1000,-12.31310897,1334.981829,500,-39.4965852,1202.499867,250
307,-61.2240561,2104.252311,1000,-169.999739,221.5435951,170,13.10046111,1432.866588,250
308,-9.032662005,1780.236033,1000,-45.57314408,1153.946969,500,6.287121075,1656.497418,250
309,14.44849967,3546.604754,1000,-20.2438051,1236.241071,500,-26.34760086,1170.617661,250
310,-45.724952,1292.682978,1000,-62.46439295,701.4879923,500,-30.58942375,1938.803328,250
311,-80.54864658,827.9131827,1000,0.496687837,605.1049296,500,136.747114,1619.39041,250
312,-4.834086946,771.6089852,1000,-36.23217664,1959.337074,500,32.23265644,1225.589279,250
313,-61.88463636,3006.472512,1000,-67.75269559,2296.52032,500,-29.85149583,1334.889622,250
314,-17.90330458,1690.861144,1000,-6.329473847,688.2209523,500,41.85933891,920.0714029,250
315,-51.50235996,1954.464384,1000,-30.09178796,1976.989248,500,-1.033883837,1740.293777,250
316,-357.0816094,123.2783394,93,17.84316796,687.5468303,500,-29.76971445,1363.556192,250
317,-74.84206362,1090.461165,1000,-10.40920894,1554.27234,500,75.9237949,1107.766292,250
318,-80.25775622,59.17682743,78,-92.41173312,1493.848796,145,26.30552159,2215.217571,250
319,-51.87792428,3671.858437,1000,-89.13265793,189.9961598,120,-9.065511999,1840.030192,250
320,-227.8603289,163.7119782,105,-43.80228688,841.6130791,500,13.06044083,1248.434,250
321,-33.72984622,1582.591098,1000,-56.96221508,594.0615515,500,10.60265973,1221.133161,250
322,-142.4581979,827.8159398,175,-30.48234052,519.9893179,500,31.92148728,1103.609033,250
323,-6.731307868,2002.659756,1000,-24.19430371,495.8762305,500,-10.46174321,1051.444301,250
324,-18.41932674,1767.391666,1000,29.33131961,2114.056455,500,30.67893192,952.3235197,250
325,-69.78204225,1570.633138,1000,-37.97749712,1070.304781,500,32.59110905,1697.811521,250
326,-58.78255278,892.6302245,1000,-21.72618224,2096.704833,500,-23.72510111,1725.037416,250
327,9.050108113,3266.571171,1000,0.579076025,1181.22091,500,42.22304291,1041.482088,250
328,-59.43345381,2578.527793,1000,-21.74024699,1007.042469,500,48.68754282,837.6483622,250
329,-31.48000025,5138.336646,1000,13.2254762,1067.688745,500,77.48045249,2092.456607,250
330,-41.53632495,1756.732078,1000,-29.15689258,926.5818462,500,26.01257432,942.9859791,250
331,-31.35488381,1735.760946,1000,-18.85557995,1029.34324,500,2.893504215,1521.541454,250
332,-13.47914802,4822.449751,1000,-30.18438232,445.2371378,500,-9.902690366,1388.224175,250
333,-42.13232895,3588.077855,1000,51.92716062,1454.611008,500,19.44658686,1326.107109,250
334,-66.27339917,2114.974638,1000,-452.6093885,118.2421674,84,-31.72834349,1468.443142,250
335,-81.93137502,1328.281162,1000,43.88367715,1249.486103,500,-17.36688057,1105.085491,250
336,-39.48525267,1877.171986,1000,26.02293412,1800.489058,500,18.2456034,983.2082849,250
337,-56.1175718,2491.871247,1000,-340.6965937,780.6827618,326,80.41924392,1188.905593,250
338,-69.65601996,753.4974846,1000,-583.7515887,133.0770935,90,-26.02055832,817.3446418,250
339,-11.36173947,3034.634228,1000,-545.085893,481.241199,86,1.490217826,2159.625822,250
340,31.17993754,1390.177627,1000,0.261728152,1181.063459,500,85.36459252,1247.670581,250
341,-65.63640875,806.4581591,1000,-11.71557409,2076.881495,500,58.32931959,896.9367867,250
342,6.600375009,1570.51788,1000,-29.80871654,1018.304905,500,-2.6954515,1139.688265,250
343,31.36691376,1595.900632,1000,-10.87709615,1628.063156,500,-0.481768571,1286.788728,250
344,-27.05176521,2753.752268,1000,-0.724720078,435.0944963,500,-16.80822106,959.0595227,250
345,-50.69139313,1709.856121,1000,-37.03676547,961.9481574,500,-37.04415169,1106.32136,250
346,16.30841175,903.160323,1000,-47.00086323,611.5663516,500,-4.644864558,871.0243549,250
347,-57.56378714,2487.485272,1000,61.02578882,516.841464,500,-3.962403864,913.9196863,250
348,6.918536402,1267.847083,1000,93.62586575,490.47457,500,-1.601378003,1775.898474,250
349,-23.7320137,2184.678755,1000,-23.87396222,1106.610794,500,-9.835845953,1253.930763,250
350,-271.6379747,288.2972254,270,-34.81399925,4260.516966,500,17.63649144,5108.161868,250
351,42.78941542,3080.032453,1000,-42.09071661,1225.667617,500,-15.92081942,1535.60093,250
352,-0.765913854,1783.72439,1000,-5.620755865,1874.991562,500,-15.46142669,1266.500214,250
353,-185.0544868,482.8995585,233,-57.64784971,1586.91135,500,-4.792844681,967.1149499,250
354,-1.624658821,1701.192936,1000,-13.26276439,395.4998291,500,65.55459266,1076.362885,250
355,-269.1382191,113.8996375,104,-40.30718413,443.926752,500,32.98885273,1831.535936,250
356,-102.7429139,188.3784128,236,-51.91347249,848.4684297,500,-14.83513013,2959.545061,250
357,-160.1247217,95.16899884,123,-43.78841131,1040.102417,500,-9.642598859,1424.638936,250
358,-105.7557909,114.2018439,146,-64.32548581,893.6602116,500,-12.83925571,908.0986223,250
359,-1.701891274,1621.034642,1000,19.69746615,1911.715024,500,29.85938179,1247.310733,250
360,-70.09991083,2779.12209,1000,-18.77631101,1947.581303,500,-7.679932872,1507.750351,250
361,-8.367126752,3126.9205,1000,-10.27485211,2196.023195,500,48.35407076,724.7600935,250
362,-15.19427462,2343.316658,1000,-193.1253369,593.9460177,474,-23.51122464,861.5080092,250
363,-24.88760652,1519.996766,1000,-20.71463506,1714.467945,500,33.37456737,1205.205509,250
364,-34.96062761,1315.426581,1000,1.549940941,1191.463453,500,35.32493815,1310.143044,250
365,137.2032009,2251.029021,923,-41.10222743,702.3206384,500,-89.60549995,152.7129529,62
366,169.6876906,1633.100719,799,57.98854356,1124.138497,500,20.66485207,1041.75556,250
367,120.4987245,2079.347005,979,-22.50605551,910.8751133,500,-30.68790547,1440.93632,250
368,-159.1785909,736.7867447,148,-76.45227986,840.3571187,500,1.080119377,963.4346962,250
369,-106.0061917,377.7980162,372,61.41993682,1051.068697,500,1.070293274,1936.125402,250
370,-0.907279194,2136.079759,1000,-57.58207111,1414.67696,500,27.30059878,1745.274878,250
371,0.444401575,1560.164491,1000,12.36203673,757.7000288,500,36.62954331,1102.518285,250
372,-234.368863,2591.701302,753,11.46392185,2473.742576,500,-10.76172865,786.4602547,250
373,-191.0110503,830.5270692,121,-10.7078977,2746.224559,500,-12.11265493,2095.277263,250
374,1.676277202,1839.271204,1000,-15.03169635,1412.897582,500,-10.16022817,212.7656422,70
375,-60.7020865,1861.858517,1000,-14.10693531,588.2557603,500,-38.59409398,156.018657,54
376,8.499999111,2465.340315,1000,88.05947247,1960.58564,500,-21.69151714,229.4776418,85
377,-40.69931219,1285.780927,1000,-12.61114682,1880.60463,500,-9.817741152,4127.701164,250
378,138.8424006,4159.136387,844,19.85036617,1879.578268,500,5.967796418,2174.655056,250
379,-18.14899422,2803.97269,1000,76.9073524,1561.986391,500,41.09644045,2158.786384,250
380,11.23762034,3057.566218,1000,-10.47784447,1567.465347,500,34.73659712,1807.519275,250
381,-41.76336277,2333.664012,1000,46.59180087,556.2363721,500,-4.386844774,980.1478252,250
382,-326.9500769,258.1412721,298,-14.78805352,1018.96506,500,-15.21318013,1494.642453,250
383,22.0541169,2134.704937,1000,10.86304837,885.2013209,500,13.30195727,1193.845906,250
384,-37.6294389,4085.12364,1000,-63.53346281,3281.565757,500,26.40804368,1022.43829,250
385,-18.72794103,1979.103631,1000,31.82207246,2221.497932,500,-17.72384799,1475.078478,250
386,-14.58822502,3386.830359,1000,2.823488007,1161.007089,500,17.41289391,1507.945905,250
387,197.6958731,659.6658092,716,-145.5026617,129.3103269,139,17.22784484,2840.293499,250
388,24.13016825,2341.441517,1000,-3.825620982,847.9629912,500,16.9780772,1506.82426,250
389,-25.27059329,2394.396561,1000,-2.847766727,680.8204892,500,25.3798504,1613.613234,250
390,136.5428324,1668.309429,899,-48.81793698,315.8299299,417,-13.45788613,1738.896716,250
391,-167.1122304,948.2472878,267,-14.91336098,1759.117707,500,20.05590257,1687.765966,250
392,175.2697899,1561.940519,440,74.61140411,1399.425604,500,-53.42712896,332.9406767,70
393,178.1025206,1931.401441,907,-55.79996704,1847.215513,500,28.31520344,1281.088134,250
394,-24.14316305,2145.876647,1000,-53.39492517,1023.372366,345,122.4869019,1203.462634,250
395,-155.107531,132.2097733,135,91.54358978,1669.122496,500,-19.84513168,742.9178832,250
396,-153.9806466,385.2428918,153,-26.01430804,637.7019475,500,-24.60577807,731.2719729,250
397,-6.462367987,2605.189155,1000,7.743306476,942.3433329,500,-14.77832424,829.3758562,250
398,6.312616051,3094.227156,1000,90.0967998,444.7213827,500,-6.002313077,1548.062515,250
399,-52.75202129,3152.930071,1000,1.077053856,834.0944214,500,-15.53962568,886.62884,250
400,-42.41087181,979.7568226,484,-158.8917133,2650.782721,428,-11.26333903,1639.724162,250
401,5.682689147,1098.7899,1000,32.41659566,1069.070179,500,-6.300191789,591.3157566,250
402,128.785997,1428.263166,807,-4.832508674,2453.635086,500,-26.01530702,1078.049925,250
403,181.7989853,1989.629396,796,5.82958664,737.8653369,500,115.4983184,753.0092235,250
404,163.1337747,3282.781115,936,2.735403068,626.2033461,500,68.53470614,908.7345014,250
405,-4.84504577,2458.93362,1000,118.9604143,1462.438784,500,32.31645056,1164.194398,250
406,215.8807991,1041.290836,619,30.63069603,742.3605837,500,-30.31097763,1468.422864,250
407,-46.01808098,2744.703923,1000,14.42028729,573.3753897,500,-1.935397578,1216.349572,250
408,190.0741817,1303.370681,597,-10.71953233,1360.845992,500,-31.873935,588.4411469,79
409,17.83608931,5928.204694,1000,43.34763488,2720.934098,500,-12.41381876,2052.872079,250
410,9.830266641,4235.58191,1000,0.251434436,964.4325578,500,-36.62630084,1037.824231,250
411,-38.20989812,1861.329998,1000,28.66191735,1589.584191,500,-22.15267099,1707.458306,250
412,9.493887815,2010.838448,1000,-5.459173559,1492.915204,500,19.70815674,1936.721482,250
413,-68.29285229,640.8640063,687,0.120545416,2591.361935,500,-24.43546014,1823.623216,250
414,-119.8104843,85.16027462,132,-31.84902106,362.9017745,500,-45.80885126,196.9342341,52
415,171.5122427,4314.488966,978,88.31335299,1835.472885,500,-15.07688554,1361.761352,250
416,-82.30270004,4373.08804,1000,-29.53637299,1431.13328,500,34.04824682,1923.644441,250
417,-58.28963638,3429.526772,1000,18.87063465,836.2330009,500,51.2797704,1135.897435,250
418,209.5541569,1460.360992,490,58.90771835,853.5225199,500,55.01956303,1727.315776,250
419,146.9322541,1343.973411,646,29.43319642,797.1830399,500,10.26674747,1178.017791,250
420,-33.56870057,3805.130358,1000,-206.2201423,1615.519998,404,0.196833013,2012.019178,250
421,-40.83728735,3339.983561,1000,47.29836631,1409.559601,500,-9.663044894,1486.221774,250
422,5.452116217,1962.023224,1000,42.7124981,1159.765309,500,-1.74906619,1304.655057,250
423,-28.27244544,2134.026952,1000,72.81780616,665.079698,500,-14.88320637,1305.330384,250
424,246.9612555,893.2621397,374,4.49979293,1190.685369,500,-35.65720927,1985.143427,250
425,-7.219758381,4450.328941,1000,30.72335321,1034.488251,500,43.51534305,2317.470697,250
426,157.8939924,2851.757628,892,26.02808256,383.5898228,500,-38.46667226,1740.618281,250
427,142.6846228,3948.258081,937,49.54932347,2640.447456,500,-1.455795704,1130.731468,250
428,273.9283072,2737.760921,328,29.42375737,1873.161734,500,-39.18410655,1108.653765,250
429,200.3010759,1521.195498,496,23.88450013,1296.822746,500,21.83076056,903.4672303,250
430,0.02352756,3213.45526,1000,7.800074714,522.6369584,500,49.69443492,1071.865236,250
431,-139.0938011,3647.653628,417,0.744624337,373.4532768,500,-4.763196129,1095.74224,250
432,183.549257,2464.490901,810,1.046182083,957.666025,500,37.06685567,1000.911452,250
433,216.6574915,2063.858344,541,68.35662997,807.8438298,500,-30.07540501,1168.67991,250
434,-154.1524157,1593.612556,143,28.03070531,2041.744018,500,8.504305282,2886.295399,250
435,-31.64547445,9301.566803,1000,78.35754392,712.844278,500,7.407047902,1240.11241,250
436,45.2668959,2455.294808,1000,76.25994957,2626.153776,500,8.86393927,835.6844587,250
437,187.4499958,1341.568413,610,60.44384785,1620.221471,500,42.55892429,896.0488281,250
438,-29.30277306,4858.184277,1000,68.79522354,886.7746377,500,-16.42400832,809.8319163,250
439,-110.9207051,188.9008626,152,64.11275619,443.7100353,500,-9.277488113,1504.785129,250
440,179.8850797,2058.408411,652,91.75329092,496.6420628,500,-12.5923935,1110.555815,250
441,191.5688743,4741.865843,741,1.14539311,321.3934078,500,-44.04874695,2383.269312,250
442,152.5388935,4406.354537,786,75.01303213,1577.730687,500,11.39353215,1103.230276,250
443,128.4801622,3719.519113,939,53.27711182,575.1187462,500,1.535086942,964.3940752,250
444,191.4571563,1412.349578,472,38.61777623,2247.548575,500,56.95263204,916.940068,250
445,243.8371588,2114.374738,553,95.30855808,347.1678259,500,-77.92283019,337.0463505,68
446,176.1325924,5833.687741,958,80.35879878,1315.793901,500,-12.68202162,1023.352935,250
447,209.7157395,3157.892196,705,-30.49215814,513.9689728,500,81.22214478,4987.666945,250
448,-24.91888574,2715.809462,275,17.37782942,1269.717485,500,12.27439264,1045.501766,250
449,242.4258723,1822.661883,467,-39.75362462,972.2461545,500,-37.47833779,1166.299644,250
450,-58.60412537,3710.673891,667,17.12052891,1769.555595,500,-12.1519825,1604.12214,250
451,180.7888278,4458.545709,588,39.43598184,2201.477717,500,-14.14641702,940.4529202,250
452,216.8091475,2167.248574,479,13.75821237,777.5887995,500,-15.20996218,1301.148966,250
453,-276.971061,3091.179129,540,25.00690554,2599.653918,500,-52.04322503,762.32066,190
454,242.6290692,2843.054681,278,-15.0174139,771.6306434,500,46.11627989,674.7099812,250
455,206.3349634,4754.141337,487,19.26062449,684.6923028,500,-29.67547537,222.9437454,97
456,-25.0073609,5978.093231,1000,19.05161989,327.4059548,500,-37.24979821,677.7284942,250
457,210.9862375,4920.010499,765,39.20100048,1507.465001,500,36.26823477,855.4050727,250
458,143.575232,3007.311553,835,62.66505604,969.5648755,500,-135.9702207,569.0764451,201
459,160.7475378,2481.664289,590,66.32064238,1227.001082,500,-8.793397553,808.0756087,250
460,206.3487555,1162.192938,416,26.52249607,802.462466,500,-44.88516079,1535.404273,250
461,8.451118913,8559.562957,1000,3.671616498,1225.422426,500,-26.90652745,917.243464,250
462,203.9466813,1295.483676,393,17.42996451,971.3163742,500,-9.085161825,947.1657746,250
463,-3.077070289,7193.018648,1000,19.06099585,937.7376529,500,28.20921029,906.1094502,250
464,161.21262,3360.049987,651,50.37648728,342.7884817,500,14.28682033,1291.778274,250
465,-153.1446096,3434.458341,874,8.779558066,1415.802773,500,-10.84115169,925.5022759,250
466,155.2190625,4299.334924,877,23.24905009,1214.925872,500,-21.82395942,755.0209193,250
467,12.09342023,3433.422518,1000,17.59300477,1310.203939,500,37.01876209,1074.683946,250
468,-9.252733639,8941.151163,1000,65.40975076,735.0795939,500,-43.73881868,761.0970395,250
469,3.050328781,9951.177625,1000,36.7038358,342.7076433,500,-6.473565037,656.3897445,250
470,193.5414533,2815.428889,380,51.94033423,563.6668624,500,82.22183762,825.0897176,250
471,29.78634651,3831.154023,1000,31.37504593,304.4267733,500,35.73428332,910.4696141,250
472,163.7758384,5837.024997,944,63.01820569,1129.866974,500,-39.06452804,615.9398242,250
473,258.8105069,2668.837558,402,60.18004966,850.1919347,500,-17.88388082,1486.352534,250
474,147.6150783,3641.852107,550,80.11144828,922.7011526,500,-5.561688446,934.1542302,250
475,200.0948036,5545.375904,561,4.321123515,750.8738921,500,-19.29437086,613.107807,250
476,182.410279,3654.539897,814,49.73005767,543.5149653,500,-29.56719064,577.3778145,250
477,242.5961816,3980.142535,623,3.248970501,434.1679249,500,-17.45764222,1002.033457,250
478,177.9492976,2508.988033,610,47.01188195,1299.162295,500,10.36575838,692.9202477,250
479,241.0942666,2187.896687,439,-22.52761159,502.2489388,500,99.55248129,618.7914934,250
480,252.4950738,3635.91502,478,39.13796865,952.3815718,500,99.6081761,593.2967681,250
481,228.2153602,1858.652906,547,59.93886677,384.638623,500,-24.39221884,780.706205,250
482,229.3231573,1629.029602,499,50.53397756,317.2200269,500,-96.58314296,681.7925987,117
483,227.8010552,4023.438719,396,30.24146093,653.4932863,500,11.65305631,550.3779106,250
484,181.9085507,4076.529866,639,61.26108848,1124.452232,500,5.169542772,2464.458982,250
485,141.8751873,6770.253303,744,17.10381444,736.7370437,500,4.96899089,1052.402605,250
486,287.9950153,1982.475825,230,76.75140386,1073.66227,500,-47.34172752,709.8484783,250
487,185.649827,4741.508852,711,72.48539946,350.8410612,500,36.16648983,746.4868264,250
488,190.4664951,6683.385145,713,65.57138809,498.6883135,500,-28.30172935,689.831809,250
489,185.5835583,3837.755098,514,-27.11573253,335.2761738,500,11.42200586,4529.171029,250
490,193.1512979,4482.609776,760,37.47462384,1292.442829,500,7.006127456,1005.813566,250
491,243.6293464,3259.033098,369,55.54496207,427.8610284,500,13.24098495,885.1483698,78
492,162.1273496,9599.771307,983,-76.5636581,1339.169174,325,-12.7449851,862.5922949,250
493,170.344708,8108.168667,725,80.66350493,449.9394,500,-7.754858089,1813.821076,250
494,161.2966187,5879.877705,680,34.17405021,359.4997149,500,-4.805877124,1858.742897,250
495,247.6056136,3749.250153,328,20.52472191,784.1595564,500,-4.720124583,1326.929727,250
496,244.7093999,3107.357605,268,49.25022888,505.912442,500,69.28453992,817.3354707,122
497,256.1411752,5322.045222,445,37.02270307,649.3893334,500,-18.45748464,768.3584251,250
498,239.8957424,7677.541312,584,51.21784099,729.3202146,500,-29.3429395,1622.140825,250
499,183.7734512,5530.284432,632,75.9423957,386.2646699,500,-14.46283148,442.0056231,105
500,145.2912171,9333.791079,866,62.20805253,476.2286233,500,-77.85979068,1774.195071,208
501,215.0093879,3753.644949,468,59.09021848,447.5077475,500,-13.67305358,1261.163013,250
502,181.2564076,5809.364013,533,66.43884103,932.3753436,500,52.51760289,1366.251681,250
503,215.2935087,2802.506705,643,73.73055059,893.0279593,500,78.69105876,848.6264918,250
504,204.7125492,4861.426285,680,55.26017811,319.6502936,500,-27.46746211,1106.696018,250
505,193.4157745,3037.195151,337,38.70850285,328.7620624,500,-4.170551456,1605.445701,250
506,186.3655915,2351.33768,555,58.02473975,1497.519257,500,68.0550739,1657.941963,250
507,191.0949349,6050.529823,741,26.5838344,343.7501039,500,16.98804644,1813.4495,250
508,188.3995745,7492.706022,648,65.87448231,383.6211608,500,21.38448598,766.1013606,250
509,259.8896131,1896.086605,313,66.36168666,715.4518194,500,51.63126121,1391.325949,250
510,231.8007327,5443.543711,460,43.580734,900.6794432,500,-2.508266156,636.5725888,250
511,188.6500602,7429.628901,863,14.57953423,569.0790065,500,-107.0387018,885.7022724,231
512,251.1665469,3036.421901,301,59.83628233,711.8523985,500,-12.00524413,1518.765733,250
513,231.7712035,4307.486862,624,37.18784291,423.1106134,500,51.61368791,803.9058714,250
514,296.492654,4015.959604,385,-1.753554946,204.8702131,286,-18.01509182,1359.748244,250
515,164.7421156,2221.957641,424,65.46176142,341.3013282,500,42.74796164,626.2577982,250
516,188.5241889,7784.092501,810,54.85593159,544.4810284,500,1.178715234,2038.326748,250
517,193.0855918,4229.935322,531,43.33908048,670.1146259,500,3.526486141,765.957408,250
518,35.67610448,10906.08767,1000,78.27695251,493.0584586,500,-18.74231893,766.6186128,250
519,170.3387207,5615.534438,504,69.28307167,1279.553237,500,0.617184171,2958.35561,250
520,217.2603446,5332.154802,664,47.36931402,627.1270179,500,29.86801689,771.6361022,250
521,286.9094375,2827.51652,464,64.29489452,357.8657598,500,11.08552914,701.0541248,250
522,270.9632436,2279.178775,282,46.87739638,333.1322812,500,41.70895644,2105.220915,250
523,4.182868235,7417.171845,1000,47.05394217,636.3708396,500,-7.657019895,851.4203954,250
524,134.5168936,12418.50439,969,70.64734944,489.299837,500,7.794084016,795.9101901,250
525,214.294358,4528.317389,385,54.7846985,671.2127568,500,6.287253729,1193.768921,250
526,164.6688238,10199.92088,889,58.66398909,580.3427919,500,-9.412177412,855.1340733,250
527,223.3376325,3689.849575,265,47.47066815,430.4155818,500,-2.795896043,1068.653093,250
528,224.0418586,4962.457745,387,75.5372955,430.5836877,500,-16.97450521,1537.989686,250
529,122.3199006,10385.45546,912,25.79582914,389.4551073,500,64.08659437,993.1121671,250
530,208.3846972,4513.990306,378,57.54730551,400.2023873,500,-30.78110914,356.4128946,95
531,130.5213252,7397.54933,558,64.84453616,585.9093893,500,-48.98701894,761.4403576,250
532,288.0215061,3670.206699,306,35.31649592,410.5122698,500,-27.96277784,1229.487049,250
533,173.9590022,10336.9952,754,86.98365249,277.1395271,500,-39.78669759,836.4377912,250
534,279.6552307,2436.503531,283,66.87564303,680.6802327,500,-82.71863167,361.0303273,152
535,258.6237772,2997.943194,278,56.34746834,495.2302299,500,-100.5661922,421.761385,164
536,-24.40349312,1382.169392,142,94.33111163,808.4469215,500,66.13224159,981.9411832,250
537,84.15394949,2470.499904,178,60.08844005,387.4209827,500,-46.20319065,755.1399537,250
538,297.6983994,1493.496405,262,40.7659082,1308.292483,500,-12.88442027,1270.604494,250
539,-20.84955499,3624.826763,129,66.25302963,1147.135851,500,-5.969859038,783.4854257,250
540,51.12282418,582.9619203,154,52.90531359,942.9161091,500,30.45324683,883.9346864,250
541,232.5430842,3282.611017,386,76.24868752,814.6119705,500,28.13327634,595.4893258,250
542,185.9045928,6416.336376,533,61.94436034,325.5954739,500,18.01434903,878.1614491,250
543,254.419617,3956.250881,231,79.22489507,672.6728187,500,33.95963675,1433.878108,250
544,-99.73651556,859.7205225,112,62.49847159,330.5840504,500,-19.28859748,803.3998747,250
545,227.1862444,1635.730216,206,67.3443736,690.6300965,500,-45.40322498,535.7217813,250
546,232.2783384,6340.241664,421,49.78449596,411.1681008,500,-81.14879617,511.0666139,250
547,236.5968764,3372.64702,332,82.35328136,788.2643566,500,73.70313586,508.3339379,250
548,180.1074709,6916.237944,441,35.98899505,330.8289615,500,42.10047928,750.3665895,250
549,232.3957373,2632.878826,313,62.6215568,295.0267563,500,49.18541969,574.3986087,250
550,177.3950503,11220.15472,614,84.55285598,636.0806253,500,19.41691244,967.3515208,250
551,236.6262059,3682.556382,283,47.39444242,318.7915582,500,-8.231934563,566.578485,250
552,198.6571739,6008.225393,464,41.09796907,373.9671704,500,-114.1661557,415.6355343,192
553,229.7708491,3744.60269,366,54.68296807,453.1528667,500,-1.66176163,612.6212783,250
554,282.8083191,5727.062288,420,40.3007306,399.8729788,500,-20.11786219,1236.712835,250
555,184.2380071,11685.87595,753,68.19528951,288.2418663,500,27.21305872,598.6041328,250
556,233.4555188,3116.779319,258,44.52630256,314.1676198,500,-5.929379603,1075.922343,250
557,264.9111262,2201.354386,258,34.14544059,579.0315706,500,-47.74201376,649.853132,250
558,256.5974006,1704.855536,253,31.27678234,490.2823821,500,-6.369331758,463.1432879,250
559,245.3583321,2914.939358,328,83.76791408,323.0574981,500,-7.53993718,1106.644677,250
560,188.8194016,9487.672225,633,72.16187648,356.899051,500,6.51944354,625.4336087,250
561,217.3476007,11490.12827,654,82.42970162,271.0077349,500,-41.73794783,571.162959,250
562,-171.4446083,1380.309266,139,67.92445228,431.9311824,500,-22.24520056,536.012213,250
563,242.9548425,4380.408608,238,35.13960818,397.4931117,500,-147.1219676,393.5181291,185
564,267.6156047,4118.946348,272,61.7483778,270.6312273,500,54.75246921,687.707624,250
565,275.1820481,3564.956388,272,68.62482591,285.0818114,500,-53.96958588,1597.030856,250
566,206.809562,6898.485895,597,57.42069358,891.8899638,500,-56.38502643,212.4191234,62
567,226.0452096,5665.419232,571,92.71811092,404.3949439,500,2.373873801,1111.228032,250
568,280.5359278,2079.638668,302,78.89037834,674.190028,500,-29.98826771,780.0720806,250
569,289.034682,5631.676943,289,74.16197668,366.586987,500,-4.753848825,1229.085145,250
570,223.8904882,6277.381829,470,57.11262812,336.3683413,500,-5.996582175,497.553421,250
571,246.9607693,4203.87318,337,66.30766619,421.2864351,500,18.1060433,1190.037167,250
572,281.7998072,2587.955422,236,25.56046594,271.253995,500,59.51376333,512.9351029,250
573,263.9176418,3189.953711,261,93.69929687,606.5503139,500,19.47157212,568.4530506,250
574,206.6975937,2796.911171,347,77.66411139,597.707903,500,-52.88691128,357.1635282,198
575,214.3956108,7134.598012,411,70.87408075,786.8779151,500,-29.45077692,891.6683018,250
576,246.4831059,6883.181819,506,54.27724332,431.7662987,500,-14.1677269,752.957375,250
577,242.7275888,1765.681537,232,40.18726466,285.2839957,500,-107.7531114,604.6842289,142
578,309.373251,5499.341317,233,71.26620428,374.4288694,500,19.58131083,499.4588046,250
579,242.5960488,2323.953489,249,49.95666033,454.5177607,500,-136.1927629,396.7937903,194
580,305.0734347,1368.932789,235,35.84940446,492.9052215,500,-33.89130466,602.8105259,250
581,213.3157528,4433.310065,288,57.9920534,1228.653552,500,82.64971982,633.3603373,250
582,-7.54554446,922.573253,112,45.06978135,444.4786425,500,41.25224844,803.2692075,250
583,279.6318929,3498.588961,278,24.81444333,709.2518262,500,-13.48780539,520.4391537,250
584,0.336506224,1054.115087,107,48.43088908,355.8648561,500,-12.97237664,503.3998432,250
585,274.496339,2622.210979,205,81.12396979,269.5406392,500,16.49034145,1320.861901,250
586,276.9107237,3710.032581,287,87.6079048,910.9233335,500,122.0926777,912.664737,250
587,239.2285308,3996.152778,421,74.33427913,389.4499768,500,6.575762886,530.0769827,250
588,232.4901007,3981.535692,292,73.15457977,657.4600577,500,-46.6554827,629.335125,250
589,259.2311667,1782.637491,215,47.88353968,491.1475204,500,-30.84276404,606.7026346,250
590,267.1499268,2963.393321,222,58.71265147,373.9539645,500,-123.6913541,365.176331,160
591,236.3090261,5342.422021,298,72.64199738,831.4366378,500,-4.901921636,578.3525927,250
592,247.4320253,6307.789107,229,57.93856347,558.9848101,500,-15.85702841,726.038192,250
593,257.466018,5415.30592,315,41.22390789,643.3719999,500,-156.2832721,1284.503242,250
594,260.4984415,2860.609573,234,46.78392104,650.2773331,500,-138.3583547,529.1182461,144
595,303.1799105,4818.347119,256,35.26715971,327.5491058,500,89.50787071,881.488116,250
596,260.5769539,6291.753328,273,85.32769282,257.3752573,500,-163.694274,351.5001404,113
597,258.2036781,4509.171689,276,63.19889208,329.9180861,500,-111.9756432,578.768357,219
598,299.7578692,5269.106604,261,30.06171957,501.24279,500,-39.48659078,1640.239021,250
599,229.0117802,2061.582323,282,85.73011904,305.2456495,500,18.41964414,569.6745219,250
600,214.9292071,3842.771663,309,38.21483648,306.9184124,500,-116.2073056,375.0755382,191
601,262.4667288,5001.726135,329,75.9127084,571.8453027,500,-55.67703326,881.5349013,250
602,300.8458448,3601.991189,237,45.91428275,449.5993418,500,-41.12798022,1767.60914,250
603,238.071329,3947.142056,423,70.8247256,549.3459146,500,-94.12337991,540.8244376,234
604,289.6674004,3732.433022,203,63.69513391,303.6137642,500,-89.663124,476.2886353,157
605,239.5745029,5421.819461,304,54.44696272,290.4783335,500,28.0541638,507.9860697,250
606,262.6980235,4151.659463,338,57.64437526,262.48577,500,-4.911666571,1732.016563,250
607,283.0180927,2390.205447,206,62.11603497,296.3926401,500,-79.83706619,612.5135584,165
608,258.1834217,6699.055552,422,30.80856155,455.8932302,500,0.411022681,483.4754095,250
609,218.8238789,9195.553923,424,64.99574709,506.374595,500,1.659475751,896.5567245,250
610,212.3345473,2996.593858,267,49.08843544,264.235727,500,112.2931061,1580.468359,250
611,24.82204989,2785.945682,189,28.25857496,476.4909931,500,39.20461062,659.1701108,250
612,239.1441395,7363.732893,428,69.43921159,339.038208,500,17.80295802,480.0984813,250
613,262.8650428,2509.569478,350,35.82630519,312.0456421,500,-114.4758703,399.2369092,214
614,253.4901629,4384.732087,273,51.93192635,416.8782794,500,-135.534994,1365.941648,185
615,292.1984175,4557.908385,216,63.91738944,289.0184447,500,-8.355594144,902.1413674,250
616,250.01124,5433.276682,326,61.58548466,383.9985108,500,-1.92458707,472.6280365,250
617,273.077691,3066.576961,234,60.85131909,304.9944562,500,-12.21272935,1435.331218,250
618,238.0488485,4066.6895,262,65.55803293,273.163487,500,6.685799351,536.943943,250
619,281.2288789,4398.120424,369,31.76073058,265.078075,500,16.07280888,1188.499774,250
620,238.0139718,4568.594611,341,82.6870186,266.8708405,500,39.77052892,1168.891042,250
621,243.3420743,1137.459608,229,44.70491127,722.6978954,500,20.00044535,1497.371082,250
622,269.7431839,3841.468591,334,75.63025666,359.8751662,500,-12.1502984,927.859978,250
623,254.3409016,3699.647652,287,77.6275898,458.1928512,500,40.5857755,1202.293324,250
624,267.3294195,5657.725984,447,41.56061165,411.4609903,500,39.86417827,750.0702147,250
625,155.3130424,7438.861359,439,20.77772721,340.8747879,500,-5.337669729,1038.20927,250
626,208.4735843,5033.518828,275,16.16771488,288.8207812,500,-32.70415538,1378.471919,250
627,218.7006965,4470.680269,292,57.17802534,293.7528484,500,7.532426652,656.8642566,250
628,230.5228366,3401.957757,295,40.81285658,249.2028296,500,-41.06315111,794.9032526,250
629,217.795967,6778.143061,479,64.93153633,247.557073,500,29.60150053,665.239629,250
630,224.6245724,6579.055967,254,74.4705129,248.8680243,500,-5.402241922,553.1727569,250
631,227.7457251,3620.863165,259,48.16091386,250.2533289,500,-21.35677925,921.6678636,250
632,-17.40414744,4857.4071,359,87.41640831,381.0854677,500,-15.18625909,646.1324701,250
633,241.6879361,5142.743145,349,80.42445118,309.7710438,500,-10.44089724,1440.141381,250
634,212.5081741,7445.10452,352,59.41630418,292.8395374,500,-2.347656449,468.2647543,250
635,280.2044943,3452.69302,223,69.25439017,235.7463445,500,-36.04238347,1090.827972,250
636,232.5967393,3567.697535,227,65.48123604,334.815707,500,-29.96713945,528.9619634,250
637,270.627236,5234.905648,378,20.9139691,342.9863674,500,-1.68485562,1425.594964,250
638,257.8730436,3952.702977,239,9.919198173,317.4914551,500,65.7120699,1166.088642,250
639,252.1013378,3343.896295,289,71.97672,275.5117401,500,33.85220646,930.5122099,250
640,157.9442774,9804.362956,589,23.5495077,294.33338,500,-31.43181707,487.2475042,250
641,282.1779105,6131.614888,265,60.61318288,335.3238437,500,68.78640803,1216.491584,250
642,267.8480581,4656.827084,284,94.69858092,278.8185382,500,-10.26438984,1020.421922,250
643,-15.88600223,3523.307399,196,45.28610475,286.7464776,500,-16.2882179,548.8878527,250
644,257.7065428,3206.271166,233,75.79220485,370.2069339,500,40.33354121,888.2859168,250
645,-48.57541061,3897.748223,140,72.70180021,253.8852515,500,20.90449837,524.096801,250
646,18.73544475,2684.217618,102,66.18920414,240.2917236,500,-21.30415324,414.1408067,250
647,269.1808913,3264.682801,238,30.44573178,621.8749381,500,-35.87228134,445.8177242,250
648,223.1202565,9911.539425,847,33.61979239,456.3476717,500,74.10006215,430.6067252,250
649,290.3153375,3058.522492,269,36.88727487,390.4585413,500,-17.92907687,570.7371409,250
650,285.5346929,6695.677324,334,83.31826164,258.0360101,500,-21.9948693,1227.095757,250
651,259.5935769,4849.923315,233,15.65267611,66.54171938,158,-9.141510031,645.8267021,250
652,265.6474223,2701.665538,217,101.8042281,239.3268183,500,-54.20419367,457.8489156,250
653,257.5107377,3752.527151,246,50.97563773,233.0198073,500,50.95025099,1623.56377,250
654,297.0582929,2958.951849,185,62.93267059,591.1579747,500,9.099606661,904.6848857,250
655,258.1173284,5963.05142,418,74.58910951,323.2847534,500,-23.83341929,1306.539397,250
656,284.5661427,3398.11874,231,73.04998576,316.8972937,500,-32.15127032,952.1233721,250
657,254.8106587,3749.396998,206,81.12634921,309.762153,500,-17.98235167,158.7234173,91
658,212.7613053,6452.576672,288,50.13754618,419.5202596,500,-3.672631543,1158.04238,250
659,206.5917884,3495.903134,286,28.61567254,430.2851125,500,56.60553848,967.2130322,250
660,170.8912365,14682.53641,814,76.28153191,328.0343392,500,21.98084786,829.5042603,250
661,231.1435791,5312.30103,320,49.51082961,211.4810982,500,90.40859538,463.6903937,250
662,273.7380183,5519.190185,257,52.99998318,285.814128,500,-26.65351191,1444.892714,250
663,258.9498439,6001.201187,255,74.52349428,296.4957209,500,70.7052782,2585.5608,250
664,244.8078522,5998.983759,357,21.97023837,273.2285496,500,-39.88533046,222.5496179,100
665,247.9396162,5378.320924,269,41.25462714,253.1662297,500,128.6137858,445.9999708,250
666,277.2976024,4001.803414,251,89.94855266,279.3546979,500,-6.861679708,565.6737775,250
667,298.5215804,4973.487136,272,54.62066848,694.8428392,500,-27.05230974,1453.316124,250
668,26.33721833,4414.00289,312,102.2352261,312.4976678,500,133.9788109,1345.724293,250
669,254.2552601,2920.804559,235,46.54512948,390.3898188,500,29.26917342,1089.48055,250
670,214.5740417,4103.154513,218,112.5148577,286.7831779,500,68.12699284,1232.276839,250
671,314.5924866,2388.555402,227,30.39495448,470.3230109,500,-18.1816186,439.5827874,250
672,269.5451665,3464.428069,247,74.96260897,715.921953,500,47.05600345,574.3527244,250
673,259.2561672,4796.692163,348,56.06517584,594.7255726,500,-34.34870801,436.4362661,250
674,249.5820617,3465.343254,234,63.59325466,351.9673986,500,122.7841602,1311.015666,250
675,272.1616546,6683.52184,345,45.10244015,252.4787521,500,60.51255508,589.4655163,250
676,268.1825397,3581.000261,223,89.43170824,394.247602,500,-35.09735384,524.8680892,250
677,218.7391481,11117.46015,473,92.46232419,377.5659461,500,46.2273705,539.8620905,250
678,229.0669105,2488.508168,199,70.57614555,586.9952382,500,48.80822398,2173.331445,250
679,273.5638452,3763.731657,318,86.4569767,328.6529568,500,45.43010269,527.5590611,80
680,176.4460532,3867.338144,331,117.5330753,494.3699209,500,-69.54165537,449.7809997,202
681,230.8446789,5098.835982,291,76.29770198,299.4602429,500,27.07265076,1007.492241,250
682,263.8148827,4539.567549,304,9.163285013,549.4090408,500,5.670299956,661.6165105,250
683,200.5568787,3767.901829,335,8.946823522,432.8199944,500,47.88529489,1832.274694,250
684,262.8790483,5781.892005,311,40.27222125,292.6831883,500,228.837991,1079.818847,194
685,280.6386604,3098.502649,250,80.81644681,348.3539488,500,-4.999005295,1009.080153,250
686,174.2078003,9161.24792,472,46.75142442,294.5113834,500,67.42571277,624.6481595,250
687,268.3831668,4798.384904,204,81.32130338,317.5409046,500,50.32007278,1870.124169,250
688,248.0559387,3054.848117,235,82.49269876,312.0806383,500,-8.038908801,1281.437691,250
689,198.171701,3945.07862,223,19.16966744,248.6123044,500,33.02286374,1324.273866,250
690,237.7946464,4426.071354,259,62.27987777,432.7944096,500,-22.80560708,891.5937825,250
691,233.7354243,4763.669982,202,8.998717094,103.4772092,125,-13.40151902,729.7893136,250
692,220.2039489,5956.259964,391,66.7592247,338.0893078,500,101.0953336,978.6490471,250
693,269.6800025,3041.952905,258,76.44807981,232.6557594,500,-39.85166875,615.4840074,250
694,317.8883887,3189.690796,243,39.03324341,268.8180868,500,-8.044722533,494.8905361,250
695,262.0646193,4950.026238,295,58.70963009,296.6251155,500,-10.88289807,4532.145095,250
696,283.7691095,6311.990922,268,72.44641439,286.0319869,500,20.38101899,915.2294697,250
697,252.5671203,7506.398786,357,91.10230776,298.3367096,500,73.19463804,1058.366539,250
698,277.3936212,6261.537793,258,64.32776082,313.9483011,500,-44.28531809,1162.747338,250
699,242.1568625,17057.3673,882,47.00213417,289.8897724,500,53.31612812,1306.06887,250
700,251.6202794,4423.691683,322,49.55473065,887.382805,500,90.36664336,761.7944312,250
701,233.7235141,2468.657809,253,43.04952961,264.5625759,500,27.66408117,552.7860701,250
702,254.0799214,12534.74544,584,57.81683398,258.0726178,500,44.45508064,626.3273005,250
703,282.6895223,2150.37563,224,64.25137112,320.5237814,500,10.99328653,413.7583103,250
704,239.3988379,4236.718055,235,81.80591531,254.9796779,500,32.95584424,497.404047,250
705,264.5903179,4532.399656,225,67.40367046,656.9534708,500,33.69684726,1662.126137,250
706,280.1418894,5335.948278,325,49.36531277,393.7939901,500,53.99043263,1773.598096,250
707,163.1235951,6324.024001,423,62.47653068,234.0145211,500,-17.82833163,1296.705225,250
708,274.637773,3110.887147,251,55.59345713,319.4404606,500,45.34749812,970.3429257,250
709,3.118718808,2547.669706,211,86.75311983,261.2831353,500,-13.65177836,587.1688681,250
710,216.0074655,4871.645321,319,56.81406821,314.505429,500,36.95555368,427.6791708,250
711,257.3215595,2206.068422,210,54.51243984,223.7238852,500,0.28621511,450.7398322,250
712,206.686676,4758.552064,311,57.77592944,542.4755092,500,-27.6489859,656.3981597,250
713,250.9168776,3671.506393,298,42.26857911,343.0355742,500,9.102192744,1639.936045,250
714,269.6382365,3751.642093,214,80.71669335,265.8979492,500,61.61392746,1947.828038,250
715,272.1934379,3823.807219,230,95.14133364,347.7260826,500,9.737765488,835.6538172,250
716,258.7653261,5324.313337,312,44.59231238,309.6386402,500,95.51484096,1172.64307,250
717,240.4075996,11235.25928,645,47.478019,249.579236,500,48.03950303,1140.507193,250
718,228.336704,4605.156268,253,56.33821277,365.5642439,500,-24.70939655,1325.475239,250
719,276.6836574,4043.461593,220,76.8021204,261.1291416,500,33.50897342,542.5500686,250
720,219.4640543,6325.462386,379,96.86064357,268.9420672,500,5.172679714,759.4237964,250
721,241.6368952,4081.502498,267,66.39549225,241.3229642,500,65.63789593,718.1476318,250
722,-0.79504995,2176.319298,224,38.45978278,267.8983052,500,-62.45182469,935.7841882,163
723,240.894944,3822.073444,250,45.27185165,294.8544667,500,1.451747438,419.4303715,250
724,196.0047727,5032.644577,372,48.02415255,356.6115224,500,-1.667396734,1060.423543,250
725,268.979387,4404.642068,246,40.36295688,334.9909055,500,-32.42521539,661.8579845,250
726,216.6112112,4437.570092,270,94.3240656,707.8160081,500,19.4959039,1605.259951,250
727,230.6894904,3791.121161,303,105.4224379,345.9870194,500,10.66456154,899.5006478,250
728,261.5874187,3977.520324,224,76.23918797,354.5894749,500,2.057341801,1215.601506,250
729,300.9708996,5523.690969,215,68.11479055,313.071068,500,4.054330562,437.0706283,250
730,222.3497881,3483.560101,240,62.27866469,362.4073051,500,-23.21694057,400.819,250
731,238.471922,7150.754314,371,69.60002712,300.629039,500,93.67840864,1287.88491,250
732,210.2008532,5918.542495,345,80.10894237,286.2357602,500,51.97325156,428.5731916,250
733,262.2529127,5313.299944,373,48.93306254,248.8397985,500,38.95885303,1148.231358,250
734,247.0650881,6107.293028,391,70.92159642,309.5603433,500,65.08793942,1853.279334,250
735,294.3881477,3732.005254,222,57.34618945,240.7311242,500,87.04167648,885.1000423,250
736,222.8300253,4484.797173,270,87.41070974,502.3930703,500,6.100796126,435.7298608,250
737,267.0290183,3880.78736,249,91.16277905,343.741648,500,-8.216806952,1389.54849,250
738,207.8161306,3151.543288,240,299.5693461,167.4427633,219,55.16717467,1086.65152,250
739,195.0743787,12493.81286,532,80.15203109,330.835201,500,26.96924115,678.1018662,250
740,244.2714731,4116.298508,257,39.00062914,877.8571492,500,69.53613164,1045.165846,250
741,217.064931,9896.55801,544,61.30771647,313.3830466,500,-10.12778578,763.7235296,250
742,221.7771354,18752.13824,987,87.18417064,833.6097531,500,-24.88542735,703.4159133,250
743,275.0360272,5075.64988,296,69.49956783,329.5721548,500,-73.92547563,425.5607283,197
744,299.8677913,4351.533818,222,71.57197886,313.0751145,500,78.23554766,880.0085444,250
745,230.9371109,3412.505066,283,82.46006269,236.8919917,500,66.84884417,1593.766253,250
746,230.9261253,5697.499137,246,55.85500445,250.2943839,500,65.13818454,1093.084389,250
747,269.9538615,6261.194563,275,72.35404119,247.3536316,500,55.86121952,1742.068504,250
748,289.4312322,3196.471231,236,76.40736696,231.3676911,500,-21.74124122,167.1827972,61
749,236.5183525,5332.868903,285,84.1364347,297.8926226,500,99.6233221,345.0184889,250
750,48.67785311,3840.058345,158,104.6514307,283.2302042,500,-14.35100598,685.4402595,250
751,247.5596754,3751.781507,253,78.40860776,271.3838665,500,-17.17236479,657.1572127,250
752,291.7921669,5097.550696,229,58.55404943,918.5779166,500,57.13003716,733.6162167,250
753,226.8520361,8583.651328,405,-15.90463704,53.50499067,112,-26.59148995,418.72932,250
754,245.0257758,5765.028198,251,49.39042439,253.853108,500,-15.84781743,560.1494007,250
755,225.013188,4227.447461,210,255.0555366,182.3110828,405,12.56743237,1170.21799,250
756,241.1398784,4993.332863,246,92.62744955,781.085079,500,-47.29637936,836.3859909,111
757,258.2350634,6315.001975,361,91.14447887,328.8554879,500,-39.06294652,943.9685768,250
758,280.7852564,4688.131743,272,64.44449879,836.3259255,500,22.05022453,935.7433798,250
759,283.4081832,4935.880299,295,-16.53686606,281.1236513,120,134.6964321,809.4142767,250
760,258.7331738,6126.711001,534,46.43162823,432.7596758,500,-2.274503293,393.2103816,250
761,229.6349691,4142.302112,351,23.46030959,365.5950727,500,-1.461463786,401.1332151,250
762,285.1393642,4756.123391,247,72.9821787,271.0513654,500,59.69122146,640.1645372,250
763,303.9858826,2700.379565,214,38.71141635,874.4454097,500,60.88204749,1513.49086,250
764,294.1928418,5640.479808,225,-375.3152714,56.57005602,106,-13.42806776,1734.808349,250
765,220.4023467,3427.290716,229,13.02923566,79.2018556,105,-19.6491842,470.6864891,250
766,245.1336069,6991.767045,394,53.59916953,556.2452717,500,30.48903798,1215.066817,250
767,-8.556589225,5012.571987,229,96.66924462,689.4244406,500,48.36356138,933.0985885,250
768,212.7817894,3756.327637,308,61.39118244,408.4041182,500,-18.90170477,1194.960669,250
769,285.4266357,2491.663187,203,57.86781265,271.3875963,500,-3.448717054,438.4842324,250
770,294.3125443,3931.832758,219,37.66097953,1044.032572,500,18.11629186,393.137123,250
771,238.7842524,4270.002104,232,46.80192573,155.9263434,86,25.6809001,702.3823544,250
772,246.3919582,6553.189739,262,49.60865695,892.1456786,500,35.29555155,876.3085488,250
773,279.9206861,6130.815961,268,89.64014409,1317.342118,500,5.605308123,978.2625344,250
774,274.5342855,3378.070738,226,83.58764822,416.9836088,500,47.77855218,1538.917133,250
775,292.7259885,5106.122828,246,97.03839897,728.8941716,500,33.00312616,439.4945446,250
776,265.3986551,5709.635659,269,-36.09845696,231.103848,283,24.75351826,1409.333171,250
777,287.4598128,3482.717652,207,61.93284527,396.8620417,500,-8.331285009,664.6010095,250
778,242.5236967,4165.70644,303,87.78647669,391.5538756,500,-13.14778587,753.6058174,250
779,251.0215854,7296.237779,247,107.6081762,896.7651712,500,66.17425227,1631.047537,250
780,-8.463630385,2711.894896,237,52.23830873,353.6899635,500,52.63291657,1168.240111,250
781,233.8072516,2507.441555,236,77.60125177,324.3410607,500,-12.05914917,1350.997715,250
782,263.1216701,4850.915683,231,88.55645449,273.027346,500,74.9687458,1043.836205,250
783,279.9451899,5132.519367,248,51.18304999,349.5071895,500,5.567164306,569.7618548,250
784,282.2825846,3894.712778,192,-11.9774067,262.4539351,153,84.51406838,739.9886612,250
785,234.5705527,2865.080203,230,41.51298854,339.438154,500,-20.39018321,709.3134938,250
786,290.7063591,2066.354174,234,204.6601403,744.3678803,498,117.9211376,657.1991308,250
787,233.7612636,2548.501016,199,-22.24239315,703.1725469,230,-72.96015254,127.4200354,90
788,299.6072575,5643.392534,257,62.44003024,1044.17439,500,30.94108648,984.4186419,250
789,291.2774215,4806.93648,226,78.3442591,423.7414123,500,12.52017168,1767.62852,250
790,262.7206819,4040.608334,228,69.17482983,420.2806087,500,39.25889531,977.6566949,250
791,206.9226011,4937.033065,304,74.6481488,455.3113106,500,-21.11984121,394.6237373,250
792,283.6537787,4915.211843,244,75.63363718,344.4354177,500,81.30804694,454.5452042,250
793,243.1942231,12905.38754,636,43.66670248,1363.36366,500,91.5438497,605.3998113,250
794,307.1759462,5668.13254,224,40.71377976,360.1437019,500,10.21782909,1014.106969,250
795,297.2051429,3995.377723,228,35.79035457,301.5702563,500,-9.394477411,458.7361333,250
796,244.2410723,3994.962765,306,-57.4717384,367.4531662,229,59.3626282,709.7134974,250
797,294.4772892,3751.564095,248,63.84703607,499.69766,500,23.60695345,531.0112576,250
798,287.8833879,5693.124184,264,60.57454447,808.0716777,500,14.51647728,770.3353829,250
799,247.4289986,3606.580358,220,47.43433641,851.5723221,500,76.21771809,438.6956905,250
